FlyWire FAFB v783 Root ID,Cell Type,Super Class,Gene
720575940626901521,AN_GNG_SAD_23,ascending,Fruitless
720575940633264888,AN_GNG_SAD_23,ascending,Fruitless
720575940606635186,AN_GNG_SAD_32,ascending,Fruitless
720575940619655814,AN_GNG_SAD_32,ascending,Fruitless
720575940624728504,AN_GNG_SAD_32,ascending,Fruitless
720575940625837799,AN_GNG_SAD_32,ascending,Fruitless
720575940627404090,AN_GNG_SAD_32,ascending,Fruitless
720575940628347471,AN_GNG_SAD_32,ascending,Fruitless
720575940631811097,AN_GNG_SAD_32,ascending,Fruitless
720575940642468644,AN_GNG_SAD_32,ascending,Fruitless
720575940608683477,AN_multi_82,ascending,Fruitless
720575940617611921,AN_multi_82,ascending,Fruitless
720575940623363000,AN_SMP_2,ascending,Doublesex
720575940631004202,AN_SMP_2,ascending,Doublesex
720575940620146141,AOTU008a,central,Fruitless
720575940621007384,AOTU008a,central,Fruitless
720575940622365991,AOTU008a,central,Fruitless
720575940623263415,AOTU008a,central,Fruitless
720575940628782824,AOTU008a,central,Fruitless
720575940632609762,AOTU008a,central,Fruitless
720575940636053594,AOTU008a,central,Fruitless
720575940643300974,AOTU008a,central,Fruitless
720575940623374218,AOTU008b,central,Fruitless
720575940629805327,AOTU008b,central,Fruitless
720575940608342706,AOTU008c,central,Fruitless
720575940618380081,AOTU008c,central,Fruitless
720575940618628443,AOTU008c,central,Fruitless
720575940625829892,AOTU008c,central,Fruitless
720575940610125786,AOTU008d,central,Fruitless
720575940617859121,AOTU008d,central,Fruitless
720575940618128433,AOTU008d,central,Fruitless
720575940618139221,AOTU008d,central,Fruitless
720575940618190727,AOTU008d,central,Fruitless
720575940618268376,AOTU008d,central,Fruitless
720575940620418684,AOTU008d,central,Fruitless
720575940630940943,AOTU008d,central,Fruitless
720575940623247300,AOTU015a,central,Fruitless
720575940624391816,AOTU015a,central,Fruitless
720575940624579100,AOTU015a,central,Fruitless
720575940652922529,AOTU015a,central,Fruitless
720575940619453861,AOTU042,central,Fruitless
720575940620664496,AOTU042,central,Fruitless
720575940629957943,AOTU042,central,Fruitless
720575940634743999,AOTU042,central,Fruitless
720575940607103241,AOTU059,central,Fruitless
720575940609330033,AOTU059,central,Fruitless
720575940619449588,AOTU059,central,Fruitless
720575940621737992,AOTU059,central,Fruitless
720575940622148391,AOTU059,central,Fruitless
720575940623827533,AOTU059,central,Fruitless
720575940624786954,AOTU059,central,Fruitless
720575940628632057,AOTU059,central,Fruitless
720575940629512248,AOTU059,central,Fruitless
720575940629517051,AOTU059,central,Fruitless
720575940632102607,AOTU059,central,Fruitless
720575940637146813,AOTU059,central,Fruitless
720575940638482421,AOTU059,central,Fruitless
720575940604692354,AOTU060,central,Fruitless
720575940617856832,AOTU060,central,Fruitless
720575940618534721,AOTU060,central,Fruitless
720575940622633364,AOTU060,central,Fruitless
720575940623008136,AOTU060,central,Fruitless
720575940625783897,AOTU060,central,Fruitless
720575940629650540,AOTU060,central,Fruitless
720575940642533156,AOTU060,central,Fruitless
720575940618073024,AOTU061,central,Fruitless
720575940618721968,AOTU061,central,Fruitless
720575940621386017,AOTU061,central,Fruitless
720575940624922910,AOTU061,central,Fruitless
720575940631160787,AOTU061,central,Fruitless
720575940604160172,AOTU062,central,Fruitless
720575940617026587,AOTU062,central,Fruitless
720575940618723504,AOTU062,central,Fruitless
720575940620402712,AOTU062,central,Fruitless
720575940621178444,AOTU062,central,Fruitless
720575940624131736,AOTU062,central,Fruitless
720575940625410888,AOTU062,central,Fruitless
720575940629514296,AOTU062,central,Fruitless
720575940629822604,AOTU062,central,Fruitless
720575940639747469,AOTU062,central,Fruitless
720575940605013420,aSP-f1A,central,Fruitless
720575940605676576,aSP-f1A,central,Fruitless
720575940608964821,aSP-f1A,central,Fruitless
720575940611942371,aSP-f1A,central,Fruitless
720575940616766182,aSP-f1A,central,Fruitless
720575940620204166,aSP-f1A,central,Fruitless
720575940624345136,aSP-f1A,central,Fruitless
720575940624562469,aSP-f1A,central,Fruitless
720575940628506641,aSP-f1A,central,Fruitless
720575940629130039,aSP-f1A,central,Fruitless
720575940630012716,aSP-f1A,central,Fruitless
720575940635159476,aSP-f1A,central,Fruitless
720575940639828595,aSP-f1A,central,Fruitless
720575940606682302,aSP-f3,central,Fruitless
720575940608588555,aSP-f3,central,Fruitless
720575940615474875,aSP-f3,central,Fruitless
720575940620897389,aSP-f3,central,Fruitless
720575940625007879,aSP-f3,central,Fruitless
720575940626607930,aSP-f3,central,Fruitless
720575940633317713,aSP-f3,central,Fruitless
720575940635508404,aSP-f3,central,Fruitless
720575940606411698,aSP-g1,central,Fruitless
720575940608481860,aSP-g1,central,Fruitless
720575940630245650,aSP-g1,central,Fruitless
720575940630899560,aSP-g1,central,Fruitless
720575940631434541,aSP-g1,central,Fruitless
720575940634814315,aSP-g1,central,Fruitless
720575940636004836,aSP-g1,central,Fruitless
720575940611682533,aSP-g2,central,Fruitless
720575940616592523,aSP-g2,central,Fruitless
720575940618995505,aSP-g2,central,Fruitless
720575940624290303,aSP-g2,central,Fruitless
720575940627600719,aSP-g2,central,Fruitless
720575940630181463,aSP-g2,central,Fruitless
720575940631877944,aSP-g2,central,Fruitless
720575940632821864,aSP-g2,central,Fruitless
720575940638890355,aSP-g2,central,Fruitless
720575940639053146,aSP-g2,central,Fruitless
720575940626220669,aSP-g3A,central,Fruitless
720575940626754192,aSP-g3A,central,Fruitless
720575940615606634,aSP-g3B,central,Fruitless
720575940627607192,aSP-g3B,central,Fruitless
720575940627700554,aSP-g3B,central,Fruitless
720575940633118637,aSP-g3B,central,Fruitless
720575940629490476,aSP22,descending,Fruitless
720575940631520312,aSP22,descending,Fruitless
720575940621426300,ATL031,central,Fruitless
720575940632778051,ATL031,central,Fruitless
720575940621038294,ATL032,central,Fruitless
720575940633156377,ATL032,central,Fruitless
720575940612403427,AVLP008,central,Fruitless
720575940614752395,AVLP008,central,Fruitless
720575940618851425,AVLP008,central,Fruitless
720575940623256202,AVLP008,central,Fruitless
720575940627718394,AVLP008,central,Fruitless
720575940628528377,AVLP008,central,Fruitless
720575940628542807,AVLP008,central,Fruitless
720575940629199146,AVLP008,central,Fruitless
720575940632392599,AVLP008,central,Fruitless
720575940633033567,AVLP008,central,Fruitless
720575940610558357,AVLP009,central,Fruitless
720575940617390027,AVLP009,central,Fruitless
720575940619583749,AVLP009,central,Fruitless
720575940627976222,AVLP009,central,Fruitless
720575940630087542,AVLP009,central,Fruitless
720575940636504553,AVLP009,central,Fruitless
720575940644319796,AVLP009,central,Fruitless
720575940603917158,AVLP010,central,Fruitless
720575940607915529,AVLP010,central,Fruitless
720575940621433599,AVLP010,central,Fruitless
720575940623130248,AVLP010,central,Fruitless
720575940625760318,AVLP010,central,Fruitless
720575940628728796,AVLP010,central,Fruitless
720575940629328502,AVLP010,central,Fruitless
720575940629573647,AVLP010,central,Fruitless
720575940603167916,AVLP011,central,Fruitless
720575940604838432,AVLP011,central,Fruitless
720575940613400306,AVLP011,central,Fruitless
720575940624191181,AVLP011,central,Fruitless
720575940626579466,AVLP011,central,Fruitless
720575940628915460,AVLP011,central,Fruitless
720575940632013724,AVLP011,central,Fruitless
720575940636174960,AVLP011,central,Fruitless
720575940638245464,AVLP011,central,Fruitless
720575940619496641,AVLP013,central,Fruitless
720575940624403239,AVLP013,central,Fruitless
720575940629761591,AVLP013,central,Fruitless
720575940641348237,AVLP013,central,Fruitless
720575940607848203,AVLP244,central,Fruitless
720575940610224738,AVLP244,central,Fruitless
720575940613191731,AVLP244,central,Fruitless
720575940618582336,AVLP244,central,Fruitless
720575940625082910,AVLP244,central,Fruitless
720575940627084905,AVLP244,central,Fruitless
720575940608268636,AVLP316,central,Fruitless
720575940622204925,AVLP316,central,Fruitless
720575940625011600,AVLP316,central,Fruitless
720575940630998595,AVLP316,central,Fruitless
720575940618475101,AVLP567,central,Doublesex
720575940623725972,AVLP567,central,Doublesex
720575940633300148,AVLP567,central,Doublesex
720575940638095293,AVLP567,central,Doublesex
720575940629017591,AVLP568,central,Doublesex
720575940630903338,AVLP568,central,Doublesex
720575940611401709,AVLP569,central,Doublesex
720575940626793831,AVLP569,central,Doublesex
720575940631179807,AVLP569,central,Doublesex
720575940640176848,AVLP569,central,Doublesex
720575940624996359,AVLP570,central,Doublesex
720575940628719375,AVLP570,central,Doublesex
720575940629211847,AVLP570,central,Doublesex
720575940629407020,AVLP570,central,Doublesex
720575940632879842,BiT,central,Fruitless
720575940635452570,BiT,central,Fruitless
720575940615792523,CB0015,central,Fruitless
720575940644948771,CB0015,central,Fruitless
720575940612888231,CB0094,central,Doublesex+Fruitless
720575940640696539,CB0094,central,Doublesex+Fruitless
720575940628386295,CB0153,central,Fruitless
720575940645056791,CB0153,central,Fruitless
720575940621971316,CB0405,central,Doublesex+Fruitless
720575940623151357,CB0405,central,Doublesex+Fruitless
720575940610916194,CB0575,central,Fruitless
720575940630329903,CB0575,central,Fruitless
720575940639420032,CB0575,central,Fruitless
720575940644053271,CB0575,central,Fruitless
720575940624463242,CB0666,central,Fruitless
720575940644300323,CB0666,central,Fruitless
720575940610384281,CB0772,central,Fruitless
720575940642715040,CB0772,central,Fruitless
720575940618519710,CB0804,motor,Fruitless
720575940630139386,CB0804,motor,Fruitless
720575940620588747,CB0878,central,Fruitless
720575940620879809,CB0878,central,Fruitless
720575940622678781,CB0878,central,Fruitless
720575940625082298,CB0878,central,Fruitless
720575940627819113,CB0878,central,Fruitless
720575940629299018,CB0878,central,Fruitless
720575940633564703,CB0878,central,Fruitless
720575940636928398,CB0878,central,Fruitless
720575940622168052,CB0901,motor,Fruitless
720575940622361270,CB0901,motor,Fruitless
720575940610179790,CB0960,central,Fruitless
720575940612291682,CB0966,central,Fruitless
720575940648397177,CB0966,central,Fruitless
720575940606028210,CB0975,central,Doublesex+Fruitless
720575940615763174,CB0975,central,Doublesex+Fruitless
720575940619602928,CB0975,central,Doublesex+Fruitless
720575940620633309,CB0975,central,Doublesex+Fruitless
720575940621463334,CB0975,central,Doublesex+Fruitless
720575940622617748,CB0975,central,Doublesex+Fruitless
720575940624379394,CB0975,central,Doublesex+Fruitless
720575940630085480,CB0975,central,Doublesex+Fruitless
720575940611672746,CB1008,central,Fruitless
720575940613775825,CB1008,central,Fruitless
720575940615210508,CB1008,central,Fruitless
720575940615967574,CB1008,central,Fruitless
720575940616098644,CB1008,central,Fruitless
720575940617219869,CB1008,central,Fruitless
720575940623320649,CB1008,central,Fruitless
720575940625960360,CB1008,central,Fruitless
720575940626199562,CB1008,central,Fruitless
720575940626366982,CB1008,central,Fruitless
720575940626745616,CB1008,central,Fruitless
720575940628046851,CB1008,central,Fruitless
720575940629140988,CB1008,central,Fruitless
720575940629491275,CB1008,central,Fruitless
720575940631761433,CB1008,central,Fruitless
720575940633873007,CB1008,central,Fruitless
720575940634391950,CB1008,central,Fruitless
720575940620201084,CB1009,central,Fruitless
720575940626179658,CB1009,central,Fruitless
720575940609783598,CB1024,central,Fruitless
720575940613988242,CB1024,central,Fruitless
720575940617425947,CB1024,central,Fruitless
720575940629479276,CB1024,central,Fruitless
720575940634195039,CB1024,central,Fruitless
720575940644966452,CB1024,central,Fruitless
720575940613234591,CB1026,central,Fruitless
720575940615979067,CB1026,central,Fruitless
720575940625641196,CB1026,central,Fruitless
720575940626868040,CB1026,central,Fruitless
720575940632607127,CB1026,central,Fruitless
720575940640204752,CB1026,central,Fruitless
720575940604839200,CB1078,central,Fruitless
720575940606332629,CB1078,central,Fruitless
720575940607188036,CB1078,central,Fruitless
720575940607371076,CB1078,central,Fruitless
720575940609843865,CB1078,central,Fruitless
720575940610358990,CB1078,central,Fruitless
720575940610638434,CB1078,central,Fruitless
720575940611277293,CB1078,central,Fruitless
720575940614450774,CB1078,central,Fruitless
720575940616809401,CB1078,central,Fruitless
720575940619942859,CB1078,central,Fruitless
720575940620694015,CB1078,central,Fruitless
720575940622097959,CB1078,central,Fruitless
720575940622254375,CB1078,central,Fruitless
720575940624795017,CB1078,central,Fruitless
720575940624872179,CB1078,central,Fruitless
720575940625683176,CB1078,central,Fruitless
720575940626562570,CB1078,central,Fruitless
720575940627410944,CB1078,central,Fruitless
720575940627957719,CB1078,central,Fruitless
720575940629913169,CB1078,central,Fruitless
720575940630223052,CB1078,central,Fruitless
720575940632715359,CB1078,central,Fruitless
720575940635054072,CB1078,central,Fruitless
720575940635547113,CB1078,central,Fruitless
720575940636679989,CB1078,central,Fruitless
720575940604445868,CB1090,central,Fruitless
720575940613034602,CB1090,central,Fruitless
720575940615592409,CB1090,central,Fruitless
720575940617034398,CB1090,central,Fruitless
720575940619688688,CB1090,central,Fruitless
720575940628837650,CB1090,central,Fruitless
720575940637175349,CB1090,central,Fruitless
720575940603930046,CB1125,central,Fruitless
720575940614190242,CB1125,central,Fruitless
720575940618772719,CB1125,central,Fruitless
720575940620833974,CB1125,central,Fruitless
720575940624925989,CB1125,central,Fruitless
720575940625597317,CB1125,central,Fruitless
720575940627027087,CB1125,central,Fruitless
720575940629552170,CB1125,central,Fruitless
720575940630214564,CB1125,central,Fruitless
720575940635960292,CB1125,central,Fruitless
720575940650920569,CB1125,central,Fruitless
720575940614081909,CB1127,central,Fruitless
720575940628135675,CB1127,central,Fruitless
720575940637281395,CB1127,central,Fruitless
720575940645931060,CB1127,central,Fruitless
720575940608606475,CB1150,central,Fruitless
720575940615663466,CB1150,central,Fruitless
720575940615898086,CB1150,central,Fruitless
720575940622768408,CB1150,central,Fruitless
720575940635157902,CB1150,central,Fruitless
720575940645129524,CB1150,central,Fruitless
720575940614674082,CB1165,central,Fruitless
720575940621308656,CB1165,central,Fruitless
720575940622784660,CB1165,central,Fruitless
720575940625049607,CB1165,central,Fruitless
720575940627877570,CB1165,central,Fruitless
720575940634757601,CB1165,central,Fruitless
720575940621885957,CB1182,central,Fruitless
720575940627368250,CB1182,central,Fruitless
720575940630697979,CB1182,central,Fruitless
720575940635565816,CB1182,central,Fruitless
720575940615863638,CB1185,central,Fruitless
720575940617305531,CB1185,central,Fruitless
720575940645697668,CB1185,central,Fruitless
720575940650711798,CB1185,central,Fruitless
720575940609927653,CB1206,central,Fruitless
720575940622609678,CB1206,central,Fruitless
720575940625032721,CB1206,central,Fruitless
720575940625428613,CB1206,central,Fruitless
720575940627976247,CB1206,central,Fruitless
720575940628033944,CB1206,central,Fruitless
720575940628081751,CB1206,central,Fruitless
720575940630744019,CB1206,central,Fruitless
720575940632649567,CB1206,central,Fruitless
720575940634126478,CB1206,central,Fruitless
720575940638202320,CB1206,central,Fruitless
720575940607466435,CB1253,central,Fruitless
720575940610562474,CB1253,central,Fruitless
720575940619644911,CB1253,central,Fruitless
720575940622472486,CB1253,central,Fruitless
720575940628267909,CB1253,central,Fruitless
720575940630065468,CB1253,central,Fruitless
720575940640547928,CB1253,central,Fruitless
720575940642610212,CB1253,central,Fruitless
720575940624535042,CB1353,central,Fruitless
720575940625170362,CB1353,central,Fruitless
720575940634284399,CB1353,central,Fruitless
720575940636092590,CB1353,central,Fruitless
720575940610850838,CB1379,central,Doublesex+Fruitless
720575940612153041,CB1379,central,Doublesex+Fruitless
720575940623796272,CB1379,central,Doublesex+Fruitless
720575940623808805,CB1379,central,Doublesex+Fruitless
720575940624430364,CB1379,central,Doublesex+Fruitless
720575940627517442,CB1379,central,Doublesex+Fruitless
720575940634349281,CB1379,central,Doublesex+Fruitless
720575940611538126,CB1385,central,Fruitless
720575940614618741,CB1385,central,Fruitless
720575940615894877,CB1385,central,Fruitless
720575940618812888,CB1385,central,Fruitless
720575940629102636,CB1385,central,Fruitless
720575940636705502,CB1385,central,Fruitless
720575940618413295,CB1390,central,Doublesex+Fruitless
720575940624535554,CB1390,central,Doublesex+Fruitless
720575940606774281,CB1420,central,Fruitless
720575940618988678,CB1420,central,Fruitless
720575940622270529,CB1420,central,Fruitless
720575940623311630,CB1420,central,Fruitless
720575940629033977,CB1420,central,Fruitless
720575940629762043,CB1420,central,Fruitless
720575940631542855,CB1420,central,Fruitless
720575940610815510,CB1423,central,Fruitless
720575940616044834,CB1423,central,Fruitless
720575940618115669,CB1423,central,Fruitless
720575940621669002,CB1423,central,Fruitless
720575940624449573,CB1423,central,Fruitless
720575940626000016,CB1423,central,Fruitless
720575940628121143,CB1423,central,Fruitless
720575940628121399,CB1423,central,Fruitless
720575940630247784,CB1423,central,Fruitless
720575940634724494,CB1423,central,Fruitless
720575940637855104,CB1423,central,Fruitless
720575940644161815,CB1423,central,Fruitless
720575940614005958,CB1455,central,Fruitless
720575940632044172,CB1455,central,Fruitless
720575940641627099,CB1455,central,Fruitless
720575940607863561,CB1456,central,Fruitless
720575940613448415,CB1456,central,Fruitless
720575940617434395,CB1456,central,Fruitless
720575940623871731,CB1456,central,Fruitless
720575940624694786,CB1456,central,Fruitless
720575940628118288,CB1456,central,Fruitless
720575940629575755,CB1456,central,Fruitless
720575940629880082,CB1456,central,Fruitless
720575940631654713,CB1456,central,Fruitless
720575940638763891,CB1456,central,Fruitless
720575940650932982,CB1456,central,Fruitless
720575940621331405,CB1493,central,Fruitless
720575940630492191,CB1493,central,Fruitless
720575940632698519,CB1493,central,Fruitless
720575940611174067,CB1508,central,Doublesex+Fruitless
720575940616747934,CB1508,central,Doublesex+Fruitless
720575940621333669,CB1508,central,Doublesex+Fruitless
720575940621387155,CB1508,central,Doublesex+Fruitless
720575940622532595,CB1508,central,Doublesex+Fruitless
720575940630253928,CB1508,central,Doublesex+Fruitless
720575940619413317,CB1537,central,Fruitless
720575940620874996,CB1537,central,Fruitless
720575940621579179,CB1537,central,Fruitless
720575940626365958,CB1537,central,Fruitless
720575940628914152,CB1537,central,Fruitless
720575940629963779,CB1537,central,Fruitless
720575940633990039,CB1537,central,Fruitless
720575940636917737,CB1537,central,Fruitless
720575940610077026,CB1542,central,Fruitless
720575940612146174,CB1542,central,Fruitless
720575940612523571,CB1542,central,Fruitless
720575940614840891,CB1542,central,Fruitless
720575940615408059,CB1542,central,Fruitless
720575940618758753,CB1542,central,Fruitless
720575940620758221,CB1542,central,Fruitless
720575940624704393,CB1542,central,Fruitless
720575940628910095,CB1542,central,Fruitless
720575940630603091,CB1542,central,Fruitless
720575940642412941,CB1542,central,Fruitless
720575940631466783,CB1566,central,Fruitless
720575940631554627,CB1566,central,Fruitless
720575940612079845,CB1593,central,Fruitless
720575940622625485,CB1593,central,Fruitless
720575940623299623,CB1593,central,Fruitless
720575940630318695,CB1593,central,Fruitless
720575940633286335,CB1593,central,Fruitless
720575940634911589,CB1593,central,Fruitless
720575940620719600,CB1688,central,Fruitless
720575940623784596,CB1688,central,Fruitless
720575940626887080,CB1688,central,Fruitless
720575940627174404,CB1688,central,Fruitless
720575940632040652,CB1688,central,Fruitless
720575940615790310,CB1742,central,Fruitless
720575940625742681,CB1742,central,Fruitless
720575940605137538,CB1762,central,Fruitless
720575940625701909,CB1762,central,Fruitless
720575940625844721,CB1762,central,Fruitless
720575940626717712,CB1762,central,Fruitless
720575940650973174,CB1762,central,Fruitless
720575940602120928,CB1783,central,Fruitless
720575940617362772,CB1783,central,Fruitless
720575940620356557,CB1783,central,Fruitless
720575940624662508,CB1783,central,Fruitless
720575940627719294,CB1783,central,Fruitless
720575940636471408,CB1783,central,Fruitless
720575940641972384,CB1783,central,Fruitless
720575940617290713,CB1843,central,Fruitless
720575940622190550,CB1843,central,Fruitless
720575940628533036,CB1843,central,Fruitless
720575940630719173,CB1843,central,Fruitless
720575940631390940,CB1843,central,Fruitless
720575940654929057,CB1843,central,Fruitless
720575940611622002,CB1852,central,Fruitless
720575940626139175,CB1852,central,Fruitless
720575940629065078,CB1852,central,Fruitless
720575940640714192,CB1852,central,Fruitless
720575940622752041,CB1877,central,Fruitless
720575940623730634,CB1877,central,Fruitless
720575940623766458,CB1877,central,Fruitless
720575940651713782,CB1877,central,Fruitless
720575940610880149,CB1904,central,Fruitless
720575940621556743,CB1904,central,Fruitless
720575940621625607,CB1904,central,Fruitless
720575940628405366,CB1904,central,Fruitless
720575940633682295,CB1904,central,Fruitless
720575940642818852,CB1904,central,Fruitless
720575940625278820,CB1930,central,Doublesex+Fruitless
720575940630500004,CB1930,central,Doublesex+Fruitless
720575940630570577,CB1930,central,Doublesex+Fruitless
720575940631579219,CB1930,central,Doublesex+Fruitless
720575940636211945,CB1930,central,Doublesex+Fruitless
720575940643296968,CB1930,central,Doublesex+Fruitless
720575940631567129,CB1933,central,Fruitless
720575940633254370,CB1933,central,Fruitless
720575940612768106,CB1944,central,Fruitless
720575940624850434,CB1944,central,Fruitless
720575940628766415,CB1944,central,Fruitless
720575940631445452,CB1944,central,Fruitless
720575940610676834,CB1991,central,Fruitless
720575940611505394,CB1991,central,Fruitless
720575940618792686,CB1991,central,Fruitless
720575940618966464,CB1991,central,Fruitless
720575940621075482,CB1991,central,Fruitless
720575940628131371,CB1991,central,Fruitless
720575940643305672,CB1991,central,Fruitless
720575940621958936,CB1999,central,Fruitless
720575940624107751,CB1999,central,Fruitless
720575940631913005,CB1999,central,Fruitless
720575940636009950,CB1999,central,Fruitless
720575940618252249,CB2005,central,Fruitless
720575940625035790,CB2005,central,Fruitless
720575940629431814,CB2005,central,Fruitless
720575940606998485,CB2021,central,Doublesex+Fruitless
720575940618836801,CB2021,central,Doublesex+Fruitless
720575940621388947,CB2021,central,Doublesex+Fruitless
720575940623558152,CB2021,central,Doublesex+Fruitless
720575940624908440,CB2021,central,Doublesex+Fruitless
720575940625858536,CB2021,central,Doublesex+Fruitless
720575940626158598,CB2021,central,Doublesex+Fruitless
720575940629020357,CB2021,central,Doublesex+Fruitless
720575940614167483,CB2034,central,Fruitless
720575940616597643,CB2034,central,Fruitless
720575940621354416,CB2034,central,Fruitless
720575940622525654,CB2034,central,Fruitless
720575940626612888,CB2034,central,Fruitless
720575940635733172,CB2034,central,Fruitless
720575940609927141,CB2108,central,Fruitless
720575940616611382,CB2108,central,Fruitless
720575940618833840,CB2108,central,Fruitless
720575940619249031,CB2108,central,Fruitless
720575940619784453,CB2108,central,Fruitless
720575940621308341,CB2108,central,Fruitless
720575940621447077,CB2108,central,Fruitless
720575940623304906,CB2108,central,Fruitless
720575940625989904,CB2108,central,Fruitless
720575940627174247,CB2108,central,Fruitless
720575940629954724,CB2108,central,Fruitless
720575940641359776,CB2108,central,Fruitless
720575940641400224,CB2108,central,Fruitless
720575940649911286,CB2108,central,Fruitless
720575940611376346,CB2113,central,Fruitless
720575940634003027,CB2113,central,Fruitless
720575940610284018,CB2127,central,Fruitless
720575940623021292,CB2127,central,Fruitless
720575940640762275,CB2127,central,Fruitless
720575940612938645,CB2131,central,Fruitless
720575940625645128,CB2131,central,Fruitless
720575940625855004,CB2131,central,Fruitless
720575940628599934,CB2131,central,Fruitless
720575940633353327,CB2131,central,Fruitless
720575940637282675,CB2131,central,Fruitless
720575940638776227,CB2131,central,Fruitless
720575940623438460,CB2138,central,Doublesex+Fruitless
720575940625073801,CB2138,central,Doublesex+Fruitless
720575940626850603,CB2138,central,Doublesex+Fruitless
720575940630650655,CB2138,central,Doublesex+Fruitless
720575940631245372,CB2138,central,Doublesex+Fruitless
720575940632843455,CB2138,central,Doublesex+Fruitless
720575940619149702,CB2143,central,Fruitless
720575940622449481,CB2143,central,Fruitless
720575940622510606,CB2143,central,Fruitless
720575940629954335,CB2143,central,Fruitless
720575940632238253,CB2143,central,Fruitless
720575940643245422,CB2143,central,Fruitless
720575940617574229,CB2204,central,Fruitless
720575940617900123,CB2204,central,Fruitless
720575940619859532,CB2204,central,Fruitless
720575940627354562,CB2204,central,Fruitless
720575940607944260,CB2218,central,Fruitless
720575940617028406,CB2218,central,Fruitless
720575940618083531,CB2218,central,Fruitless
720575940619808134,CB2218,central,Fruitless
720575940628933975,CB2218,central,Fruitless
720575940612290986,CB2258,central,Fruitless
720575940625871132,CB2258,central,Fruitless
720575940627589126,CB2258,central,Fruitless
720575940633307729,CB2258,central,Fruitless
720575940610457457,CB2273,central,Fruitless
720575940615668370,CB2273,central,Fruitless
720575940624651704,CB2273,central,Fruitless
720575940628923907,CB2273,central,Fruitless
720575940612572054,CB2284,central,Doublesex+Fruitless
720575940625071114,CB2284,central,Doublesex+Fruitless
720575940633113195,CB2284,central,Doublesex+Fruitless
720575940638285184,CB2284,central,Doublesex+Fruitless
720575940609133507,CB2317,central,Fruitless
720575940612638929,CB2317,central,Fruitless
720575940615010454,CB2317,central,Fruitless
720575940616711458,CB2317,central,Fruitless
720575940618562496,CB2317,central,Fruitless
720575940620324735,CB2317,central,Fruitless
720575940622892522,CB2317,central,Fruitless
720575940627731703,CB2317,central,Fruitless
720575940628368394,CB2317,central,Fruitless
720575940630572625,CB2317,central,Fruitless
720575940631832493,CB2317,central,Fruitless
720575940631926754,CB2317,central,Fruitless
720575940637363519,CB2317,central,Fruitless
720575940605024684,CB2335,central,Fruitless
720575940613234838,CB2335,central,Fruitless
720575940622080865,CB2335,central,Fruitless
720575940625099191,CB2335,central,Fruitless
720575940607236676,CB2376,central,Fruitless
720575940617912347,CB2376,central,Fruitless
720575940622045133,CB2376,central,Fruitless
720575940626564337,CB2376,central,Fruitless
720575940627776506,CB2376,central,Fruitless
720575940629854521,CB2376,central,Fruitless
720575940632008531,CB2376,central,Fruitless
720575940642401060,CB2376,central,Fruitless
720575940644259876,CB2376,central,Fruitless
720575940646256772,CB2376,central,Fruitless
720575940624901927,CB2379,central,Fruitless
720575940628917251,CB2379,central,Fruitless
720575940635307256,CB2379,central,Fruitless
720575940621865479,CB2380,central,Fruitless
720575940622351595,CB2380,central,Fruitless
720575940622729513,CB2380,central,Fruitless
720575940627535742,CB2380,central,Fruitless
720575940628659318,CB2380,central,Fruitless
720575940639715024,CB2380,central,Fruitless
720575940652813217,CB2380,central,Fruitless
720575940612808086,CB2422,central,Doublesex+Fruitless
720575940615051473,CB2422,central,Doublesex+Fruitless
720575940618057095,CB2422,central,Doublesex+Fruitless
720575940638719907,CB2422,central,Doublesex+Fruitless
720575940613943413,CB2449,central,Fruitless
720575940617117656,CB2449,central,Fruitless
720575940622699196,CB2449,central,Fruitless
720575940623787495,CB2449,central,Fruitless
720575940627350060,CB2449,central,Fruitless
720575940634126949,CB2449,central,Fruitless
720575940622530547,CB2520,central,Doublesex+Fruitless
720575940623719568,CB2520,central,Doublesex+Fruitless
720575940625965820,CB2520,central,Doublesex+Fruitless
720575940630059335,CB2520,central,Doublesex+Fruitless
720575940642866199,CB2520,central,Doublesex+Fruitless
720575940610505957,CB2565,central,Fruitless
720575940621452526,CB2565,central,Fruitless
720575940622207997,CB2565,central,Fruitless
720575940628195522,CB2565,central,Fruitless
720575940629504262,CB2565,central,Fruitless
720575940635445360,CB2565,central,Fruitless
720575940642447349,CB2565,central,Fruitless
720575940610387825,CB2585,central,Fruitless
720575940627745895,CB2585,central,Fruitless
720575940630046511,CB2585,central,Fruitless
720575940632303772,CB2585,central,Fruitless
720575940636265188,CB2585,central,Fruitless
720575940611694545,CB2593,central,Fruitless
720575940622754756,CB2593,central,Fruitless
720575940627827450,CB2593,central,Fruitless
720575940627952207,CB2593,central,Fruitless
720575940634709872,CB2593,central,Fruitless
720575940611724517,CB2608,central,Doublesex+Fruitless
720575940634504303,CB2608,central,Doublesex+Fruitless
720575940618965926,CB2611,central,Fruitless
720575940620422012,CB2611,central,Fruitless
720575940627437841,CB2611,central,Fruitless
720575940636367076,CB2611,central,Fruitless
720575940621365669,CB2628,central,Fruitless
720575940632225071,CB2628,central,Fruitless
720575940639180963,CB2628,central,Fruitless
720575940652306934,CB2628,central,Fruitless
720575940606550706,CB2636,central,Fruitless
720575940608656942,CB2636,central,Fruitless
720575940614714299,CB2636,central,Fruitless
720575940616987426,CB2636,central,Fruitless
720575940622602025,CB2636,central,Fruitless
720575940628750718,CB2636,central,Fruitless
720575940610867683,CB2668,central,Fruitless
720575940625384732,CB2668,central,Fruitless
720575940629198636,CB2680,central,Fruitless
720575940641293301,CB2680,central,Fruitless
720575940606563249,CB2750,central,Fruitless
720575940614043699,CB2750,central,Fruitless
720575940615257823,CB2750,central,Fruitless
720575940619197366,CB2750,central,Fruitless
720575940626326121,CB2750,central,Fruitless
720575940612619431,CB2758,central,Fruitless
720575940617878273,CB2758,central,Fruitless
720575940616292165,CB2785,central,Fruitless
720575940620848086,CB2785,central,Fruitless
720575940627277498,CB2785,central,Fruitless
720575940631525004,CB2785,central,Fruitless
720575940639533008,CB2785,central,Fruitless
720575940623249043,CB2793,central,Fruitless
720575940643651784,CB2793,central,Fruitless
720575940616004146,CB2862,central,Fruitless
720575940618887838,CB2862,central,Fruitless
720575940619865941,CB2862,central,Fruitless
720575940629939499,CB2862,central,Fruitless
720575940626256003,CB2903,central,Fruitless
720575940630707795,CB2903,central,Fruitless
720575940639767693,CB2903,central,Fruitless
720575940607627275,CB2930,central,Fruitless
720575940615131567,CB2930,central,Fruitless
720575940621256682,CB2930,central,Fruitless
720575940629271352,CB2930,central,Fruitless
720575940630334828,CB2930,central,Fruitless
720575940602849248,CB2965,central,Fruitless
720575940605420674,CB2965,central,Fruitless
720575940614047026,CB2965,central,Fruitless
720575940614281578,CB2965,central,Fruitless
720575940621356470,CB2965,central,Fruitless
720575940615513410,CB2973,central,Fruitless
720575940622213953,CB2973,central,Fruitless
720575940624977930,CB2973,central,Fruitless
720575940619121647,CB3002,central,Fruitless
720575940624375324,CB3002,central,Fruitless
720575940626568235,CB3002,central,Fruitless
720575940604114604,CB3011,central,Fruitless
720575940622895911,CB3011,central,Fruitless
720575940621330893,CB3058,central,Fruitless
720575940626705029,CB3058,central,Fruitless
720575940630171708,CB3060,central,Fruitless
720575940632133857,CB3060,central,Fruitless
720575940635146359,CB3060,central,Fruitless
720575940609240515,CB3092,central,Fruitless
720575940612444645,CB3092,central,Fruitless
720575940622165974,CB3092,central,Fruitless
720575940634460055,CB3092,central,Fruitless
720575940639686973,CB3092,central,Fruitless
720575940614365346,CB3244,central,Fruitless
720575940616293889,CB3244,central,Fruitless
720575940606335410,CB3270,central,Doublesex+Fruitless
720575940622934711,CB3270,central,Doublesex+Fruitless
720575940631915801,CB3270,central,Doublesex+Fruitless
720575940609996773,CB3313,central,Fruitless
720575940615635037,CB3313,central,Fruitless
720575940629244357,CB3313,central,Fruitless
720575940632764883,CB3313,central,Fruitless
720575940637834301,CB3313,central,Fruitless
720575940624867721,CB3317,central,Fruitless
720575940626269033,CB3317,central,Fruitless
720575940611554034,CB3349,central,Fruitless
720575940624780062,CB3349,central,Fruitless
720575940622969528,CB3377,central,Fruitless
720575940631922969,CB3377,central,Fruitless
720575940632157631,CB3377,central,Fruitless
720575940605043121,CB3392,central,Fruitless
720575940627661720,CB3392,central,Fruitless
720575940627876584,CB3392,central,Fruitless
720575940629698012,CB3392,central,Fruitless
720575940616614946,CB3505,central,Doublesex+Fruitless
720575940618741157,CB3505,central,Doublesex+Fruitless
720575940626962435,CB3505,central,Doublesex+Fruitless
720575940633590167,CB3505,central,Doublesex+Fruitless
720575940621895382,CB3509,central,Fruitless
720575940622366221,CB3509,central,Fruitless
720575940623396548,CB3509,central,Fruitless
720575940632672156,CB3509,central,Fruitless
720575940605158065,CB3515,central,Fruitless
720575940616195412,CB3515,central,Fruitless
720575940622771811,CB3515,central,Fruitless
720575940613871046,CB3529,central,Doublesex+Fruitless
720575940617779029,CB3529,central,Doublesex+Fruitless
720575940622536179,CB3529,central,Doublesex+Fruitless
720575940604821950,CB3577,central,Fruitless
720575940639751376,CB3577,central,Fruitless
720575940622384311,CB3591,central,Doublesex+Fruitless
720575940638775640,CB3591,central,Doublesex+Fruitless
720575940613895934,CB3695,central,Fruitless
720575940626983185,CB3695,central,Fruitless
720575940608749525,CB3729,central,Fruitless
720575940629467692,CB3729,central,Fruitless
720575940640877400,CB3729,central,Fruitless
720575940620096065,CB3776,central,Fruitless
720575940630003195,CB3776,central,Fruitless
720575940609642505,CB3787,central,Fruitless
720575940619846497,CB3787,central,Fruitless
720575940619923371,CB3787,central,Fruitless
720575940625375490,CB3787,central,Fruitless
720575940613458669,CB3978,central,Fruitless
720575940618254809,CB3978,central,Fruitless
720575940621956869,CB3978,central,Fruitless
720575940624105876,CB3978,central,Fruitless
720575940628647823,CB3978,central,Fruitless
720575940631473122,CB3978,central,Fruitless
720575940631652433,CB3978,central,Fruitless
720575940631857548,CB3978,central,Fruitless
720575940636063406,CB3978,central,Fruitless
720575940638870360,CB3978,central,Fruitless
720575940609083086,CB4244,central,Fruitless
720575940609264452,CB4244,central,Fruitless
720575940611357081,CB4244,central,Fruitless
720575940611807919,CB4244,central,Fruitless
720575940613226163,CB4244,central,Fruitless
720575940615865233,CB4244,central,Fruitless
720575940617558246,CB4244,central,Fruitless
720575940619853481,CB4244,central,Fruitless
720575940621899016,CB4244,central,Fruitless
720575940622117441,CB4244,central,Fruitless
720575940623236332,CB4244,central,Fruitless
720575940628239468,CB4244,central,Fruitless
720575940628426946,CB4244,central,Fruitless
720575940629088018,CB4244,central,Fruitless
720575940629345398,CB4244,central,Fruitless
720575940630291070,CB4244,central,Fruitless
720575940632590818,CB4244,central,Fruitless
720575940632931298,CB4244,central,Fruitless
720575940637371992,CB4244,central,Fruitless
720575940639325941,CB4244,central,Fruitless
720575940605302974,CL037,central,Fruitless
720575940620203502,CL037,central,Fruitless
720575940614930363,CL060,central,Fruitless
720575940639220550,CL060,central,Fruitless
720575940610938902,CL118,central,Fruitless
720575940616178026,CL118,central,Fruitless
720575940626033694,CL118,central,Fruitless
720575940628719355,CL118,central,Fruitless
720575940632704173,CL118,central,Fruitless
720575940659613569,CL118,central,Fruitless
720575940610140309,CL120a,central,Fruitless
720575940625453340,CL120a,central,Fruitless
720575940609084718,CL120b,central,Fruitless
720575940615978902,CL120b,central,Fruitless
720575940616921300,CL120b,central,Fruitless
720575940622267350,CL120b,central,Fruitless
720575940611015958,CL121_a,central,Fruitless
720575940611172465,CL121_a,central,Fruitless
720575940618514555,CL121_a,central,Fruitless
720575940622224553,CL121_a,central,Fruitless
720575940625449530,CL121_a,central,Fruitless
720575940628396090,CL121_a,central,Fruitless
720575940629106438,CL121_a,central,Fruitless
720575940629684792,CL121_a,central,Fruitless
720575940634261172,CL121_a,central,Fruitless
720575940605648002,CL122_a,central,Fruitless
720575940607846083,CL122_a,central,Fruitless
720575940608212548,CL122_a,central,Fruitless
720575940618535303,CL122_a,central,Fruitless
720575940621347092,CL122_a,central,Fruitless
720575940621766035,CL122_a,central,Fruitless
720575940623886266,CL122_a,central,Fruitless
720575940624421834,CL122_a,central,Fruitless
720575940637836477,CL122_a,central,Fruitless
720575940639010392,CL122_a,central,Fruitless
720575940639011160,CL122_a,central,Fruitless
720575940642878368,CL122_a,central,Fruitless
720575940610455781,CL313,central,Doublesex
720575940619302640,CL313,central,Doublesex
720575940619675712,CL313,central,Doublesex
720575940620931348,CL313,central,Doublesex
720575940621431492,CL313,central,Doublesex
720575940627670032,CL313,central,Doublesex
720575940630057979,CL313,central,Doublesex
720575940630344396,CL313,central,Doublesex
720575940632522848,CL313,central,Doublesex
720575940636910825,CL313,central,Doublesex
720575940640992731,CL313,central,Doublesex
720575940608663253,CRE082,central,Fruitless
720575940612711958,CRE082,central,Fruitless
720575940603231916,DA1_lPN,central,Fruitless
720575940604407468,DA1_lPN,central,Fruitless
720575940605102694,DA1_lPN,central,Fruitless
720575940613345442,DA1_lPN,central,Fruitless
720575940614309535,DA1_lPN,central,Fruitless
720575940617229632,DA1_lPN,central,Fruitless
720575940619385765,DA1_lPN,central,Fruitless
720575940621185050,DA1_lPN,central,Fruitless
720575940621239679,DA1_lPN,central,Fruitless
720575940623303108,DA1_lPN,central,Fruitless
720575940623543881,DA1_lPN,central,Fruitless
720575940626034819,DA1_lPN,central,Fruitless
720575940630066007,DA1_lPN,central,Fruitless
720575940637208718,DA1_lPN,central,Fruitless
720575940637469254,DA1_lPN,central,Fruitless
720575940613408552,DNa13,descending,Fruitless
720575940616286175,DNa13,descending,Fruitless
720575940625502666,DNa13,descending,Fruitless
720575940637607646,DNa13,descending,Fruitless
720575940631168057,DNg60,descending,Fruitless
720575940635166571,DNg60,descending,Fruitless
720575940619486891,DNp13,descending,Doublesex
720575940625295339,DNp13,descending,Doublesex
720575940624407944,DNp36,descending,Fruitless
720575940630992813,DNp36,descending,Fruitless
720575940613170498,DNp37,descending,Doublesex
720575940627496829,DNp37,descending,Doublesex
720575940613403890,DNp48,descending,Fruitless
720575940621031006,DNp48,descending,Fruitless
720575940615692690,DNp60,descending,Fruitless
720575940626859283,DNp60,descending,Fruitless
720575940620582260,DNp67,descending,Fruitless
720575940630221509,DNp67,descending,Fruitless
720575940619451989,DNpe033,descending,Fruitless
720575940623014695,DNpe033,descending,Fruitless
720575940620625880,DNpe038,descending,Fruitless
720575940632512156,DNpe038,descending,Fruitless
720575940606704562,DNpe041,descending,Fruitless
720575940620757748,DNpe041,descending,Fruitless
720575940607632579,DNpe047,descending,Fruitless
720575940614363619,DNpe047,descending,Fruitless
720575940620441821,FLA101f_a,central,Fruitless
720575940621453014,FLA101f_a,central,Fruitless
720575940625721610,FLA101f_a,central,Fruitless
720575940629836793,FLA101f_a,central,Fruitless
720575940641886605,FLA101f_a,central,Fruitless
720575940607924828,FLA101f_b,central,Fruitless
720575940610568305,FLA101f_b,central,Fruitless
720575940615046450,FLA101f_b,central,Fruitless
720575940621074390,FLA101f_b,central,Fruitless
720575940622386056,FLA101f_b,central,Fruitless
720575940624078484,FLA101f_b,central,Fruitless
720575940627466746,FLA101f_b,central,Fruitless
720575940628337307,FLA101f_b,central,Fruitless
720575940629583345,FLA101f_b,central,Fruitless
720575940629944407,FLA101f_b,central,Fruitless
720575940637370175,FLA101f_b,central,Fruitless
720575940644528163,FLA101f_b,central,Fruitless
720575940608903122,FLA101f_c,central,Fruitless
720575940620156513,FLA101f_c,central,Fruitless
720575940626172490,FLA101f_c,central,Fruitless
720575940626649098,FLA101f_c,central,Fruitless
720575940631993415,FLA101f_c,central,Fruitless
720575940635895774,FLA101f_c,central,Fruitless
720575940605156384,FLA101f_d,central,Fruitless
720575940615716753,FLA101f_d,central,Fruitless
720575940628267653,FLA101f_d,central,Fruitless
720575940631210577,FLA101f_d,central,Fruitless
720575940632733792,FLA101f_d,central,Fruitless
720575940621694401,LAL027,central,Fruitless
720575940627094696,LAL027,central,Fruitless
720575940641553805,LAL027,central,Fruitless
720575940613824278,LAL130,central,Fruitless
720575940627976088,LAL130,central,Fruitless
720575940603949024,LC10a,visual_projection,Fruitless
720575940604389054,LC10a,visual_projection,Fruitless
720575940605072742,LC10a,visual_projection,Fruitless
720575940605426609,LC10a,visual_projection,Fruitless
720575940606099586,LC10a,visual_projection,Fruitless
720575940606114732,LC10a,visual_projection,Fruitless
720575940607272715,LC10a,visual_projection,Fruitless
720575940607520777,LC10a,visual_projection,Fruitless
720575940607548683,LC10a,visual_projection,Fruitless
720575940609956558,LC10a,visual_projection,Fruitless
720575940610131093,LC10a,visual_projection,Fruitless
720575940610227162,LC10a,visual_projection,Fruitless
720575940610369230,LC10a,visual_projection,Fruitless
720575940610429282,LC10a,visual_projection,Fruitless
720575940610501093,LC10a,visual_projection,Fruitless
720575940610506872,LC10a,visual_projection,Fruitless
720575940611121557,LC10a,visual_projection,Fruitless
720575940611275310,LC10a,visual_projection,Fruitless
720575940611298995,LC10a,visual_projection,Fruitless
720575940611623859,LC10a,visual_projection,Fruitless
720575940611628786,LC10a,visual_projection,Fruitless
720575940611711461,LC10a,visual_projection,Fruitless
720575940612236241,LC10a,visual_projection,Fruitless
720575940612499662,LC10a,visual_projection,Fruitless
720575940612845973,LC10a,visual_projection,Fruitless
720575940613183272,LC10a,visual_projection,Fruitless
720575940613429782,LC10a,visual_projection,Fruitless
720575940613561868,LC10a,visual_projection,Fruitless
720575940613771743,LC10a,visual_projection,Fruitless
720575940613866346,LC10a,visual_projection,Fruitless
720575940614697183,LC10a,visual_projection,Fruitless
720575940614918924,LC10a,visual_projection,Fruitless
720575940614919878,LC10a,visual_projection,Fruitless
720575940614977959,LC10a,visual_projection,Fruitless
720575940615044136,LC10a,visual_projection,Fruitless
720575940615377319,LC10a,visual_projection,Fruitless
720575940615833574,LC10a,visual_projection,Fruitless
720575940615834086,LC10a,visual_projection,Fruitless
720575940615858747,LC10a,visual_projection,Fruitless
720575940616088991,LC10a,visual_projection,Fruitless
720575940616337181,LC10a,visual_projection,Fruitless
720575940616393053,LC10a,visual_projection,Fruitless
720575940616541341,LC10a,visual_projection,Fruitless
720575940616794585,LC10a,visual_projection,Fruitless
720575940616796121,LC10a,visual_projection,Fruitless
720575940617102715,LC10a,visual_projection,Fruitless
720575940617228573,LC10a,visual_projection,Fruitless
720575940617424468,LC10a,visual_projection,Fruitless
720575940617498708,LC10a,visual_projection,Fruitless
720575940617514397,LC10a,visual_projection,Fruitless
720575940617879710,LC10a,visual_projection,Fruitless
720575940618287307,LC10a,visual_projection,Fruitless
720575940618511773,LC10a,visual_projection,Fruitless
720575940618567425,LC10a,visual_projection,Fruitless
720575940618606040,LC10a,visual_projection,Fruitless
720575940619009195,LC10a,visual_projection,Fruitless
720575940619116885,LC10a,visual_projection,Fruitless
720575940619169901,LC10a,visual_projection,Fruitless
720575940619187648,LC10a,visual_projection,Fruitless
720575940619249061,LC10a,visual_projection,Fruitless
720575940619257536,LC10a,visual_projection,Fruitless
720575940619341806,LC10a,visual_projection,Fruitless
720575940619700859,LC10a,visual_projection,Fruitless
720575940619921524,LC10a,visual_projection,Fruitless
720575940619973185,LC10a,visual_projection,Fruitless
720575940620174708,LC10a,visual_projection,Fruitless
720575940620293848,LC10a,visual_projection,Fruitless
720575940620644437,LC10a,visual_projection,Fruitless
720575940620720112,LC10a,visual_projection,Fruitless
720575940620764660,LC10a,visual_projection,Fruitless
720575940620778623,LC10a,visual_projection,Fruitless
720575940620884756,LC10a,visual_projection,Fruitless
720575940620967194,LC10a,visual_projection,Fruitless
720575940621086157,LC10a,visual_projection,Fruitless
720575940621183587,LC10a,visual_projection,Fruitless
720575940621189214,LC10a,visual_projection,Fruitless
720575940621201279,LC10a,visual_projection,Fruitless
720575940621204417,LC10a,visual_projection,Fruitless
720575940621365417,LC10a,visual_projection,Fruitless
720575940621436581,LC10a,visual_projection,Fruitless
720575940621543789,LC10a,visual_projection,Fruitless
720575940621562918,LC10a,visual_projection,Fruitless
720575940621710826,LC10a,visual_projection,Fruitless
720575940621780104,LC10a,visual_projection,Fruitless
720575940621827789,LC10a,visual_projection,Fruitless
720575940621949350,LC10a,visual_projection,Fruitless
720575940622052301,LC10a,visual_projection,Fruitless
720575940622127856,LC10a,visual_projection,Fruitless
720575940622184072,LC10a,visual_projection,Fruitless
720575940622187329,LC10a,visual_projection,Fruitless
720575940622240355,LC10a,visual_projection,Fruitless
720575940622320637,LC10a,visual_projection,Fruitless
720575940622366448,LC10a,visual_projection,Fruitless
720575940622584816,LC10a,visual_projection,Fruitless
720575940622655709,LC10a,visual_projection,Fruitless
720575940622917876,LC10a,visual_projection,Fruitless
720575940622950663,LC10a,visual_projection,Fruitless
720575940623082237,LC10a,visual_projection,Fruitless
720575940623174152,LC10a,visual_projection,Fruitless
720575940623190089,LC10a,visual_projection,Fruitless
720575940623212988,LC10a,visual_projection,Fruitless
720575940623255369,LC10a,visual_projection,Fruitless
720575940623350453,LC10a,visual_projection,Fruitless
720575940623448078,LC10a,visual_projection,Fruitless
720575940623541718,LC10a,visual_projection,Fruitless
720575940623622899,LC10a,visual_projection,Fruitless
720575940623751861,LC10a,visual_projection,Fruitless
720575940624008376,LC10a,visual_projection,Fruitless
720575940624013606,LC10a,visual_projection,Fruitless
720575940624055559,LC10a,visual_projection,Fruitless
720575940624186407,LC10a,visual_projection,Fruitless
720575940624367401,LC10a,visual_projection,Fruitless
720575940624387978,LC10a,visual_projection,Fruitless
720575940624488781,LC10a,visual_projection,Fruitless
720575940624811664,LC10a,visual_projection,Fruitless
720575940624838899,LC10a,visual_projection,Fruitless
720575940624962341,LC10a,visual_projection,Fruitless
720575940625246845,LC10a,visual_projection,Fruitless
720575940625415452,LC10a,visual_projection,Fruitless
720575940625442306,LC10a,visual_projection,Fruitless
720575940625465487,LC10a,visual_projection,Fruitless
720575940625500956,LC10a,visual_projection,Fruitless
720575940625588412,LC10a,visual_projection,Fruitless
720575940625762050,LC10a,visual_projection,Fruitless
720575940625781946,LC10a,visual_projection,Fruitless
720575940625893834,LC10a,visual_projection,Fruitless
720575940626008153,LC10a,visual_projection,Fruitless
720575940626039129,LC10a,visual_projection,Fruitless
720575940626062681,LC10a,visual_projection,Fruitless
720575940626115965,LC10a,visual_projection,Fruitless
720575940626470226,LC10a,visual_projection,Fruitless
720575940626474377,LC10a,visual_projection,Fruitless
720575940626505349,LC10a,visual_projection,Fruitless
720575940626683218,LC10a,visual_projection,Fruitless
720575940626779048,LC10a,visual_projection,Fruitless
720575940626812715,LC10a,visual_projection,Fruitless
720575940626903829,LC10a,visual_projection,Fruitless
720575940627095177,LC10a,visual_projection,Fruitless
720575940627252154,LC10a,visual_projection,Fruitless
720575940627265223,LC10a,visual_projection,Fruitless
720575940627371599,LC10a,visual_projection,Fruitless
720575940627400522,LC10a,visual_projection,Fruitless
720575940627428907,LC10a,visual_projection,Fruitless
720575940627454193,LC10a,visual_projection,Fruitless
720575940627475203,LC10a,visual_projection,Fruitless
720575940627575825,LC10a,visual_projection,Fruitless
720575940627676798,LC10a,visual_projection,Fruitless
720575940627692677,LC10a,visual_projection,Fruitless
720575940627743833,LC10a,visual_projection,Fruitless
720575940627804265,LC10a,visual_projection,Fruitless
720575940627975952,LC10a,visual_projection,Fruitless
720575940628137319,LC10a,visual_projection,Fruitless
720575940628553515,LC10a,visual_projection,Fruitless
720575940628687354,LC10a,visual_projection,Fruitless
720575940628786908,LC10a,visual_projection,Fruitless
720575940628895232,LC10a,visual_projection,Fruitless
720575940629120503,LC10a,visual_projection,Fruitless
720575940629188140,LC10a,visual_projection,Fruitless
720575940629291063,LC10a,visual_projection,Fruitless
720575940629495631,LC10a,visual_projection,Fruitless
720575940629568300,LC10a,visual_projection,Fruitless
720575940629665989,LC10a,visual_projection,Fruitless
720575940629669531,LC10a,visual_projection,Fruitless
720575940629767418,LC10a,visual_projection,Fruitless
720575940629817849,LC10a,visual_projection,Fruitless
720575940629852239,LC10a,visual_projection,Fruitless
720575940629856312,LC10a,visual_projection,Fruitless
720575940629948163,LC10a,visual_projection,Fruitless
720575940629985849,LC10a,visual_projection,Fruitless
720575940629993167,LC10a,visual_projection,Fruitless
720575940630160325,LC10a,visual_projection,Fruitless
720575940630272343,LC10a,visual_projection,Fruitless
720575940630500394,LC10a,visual_projection,Fruitless
720575940630545483,LC10a,visual_projection,Fruitless
720575940630584151,LC10a,visual_projection,Fruitless
720575940630727388,LC10a,visual_projection,Fruitless
720575940630879274,LC10a,visual_projection,Fruitless
720575940630905047,LC10a,visual_projection,Fruitless
720575940631187048,LC10a,visual_projection,Fruitless
720575940631195217,LC10a,visual_projection,Fruitless
720575940631264140,LC10a,visual_projection,Fruitless
720575940631293324,LC10a,visual_projection,Fruitless
720575940631316840,LC10a,visual_projection,Fruitless
720575940631381575,LC10a,visual_projection,Fruitless
720575940631963300,LC10a,visual_projection,Fruitless
720575940631982929,LC10a,visual_projection,Fruitless
720575940631983185,LC10a,visual_projection,Fruitless
720575940632125154,LC10a,visual_projection,Fruitless
720575940632315695,LC10a,visual_projection,Fruitless
720575940632415800,LC10a,visual_projection,Fruitless
720575940632533843,LC10a,visual_projection,Fruitless
720575940632871905,LC10a,visual_projection,Fruitless
720575940632889145,LC10a,visual_projection,Fruitless
720575940633179543,LC10a,visual_projection,Fruitless
720575940633188121,LC10a,visual_projection,Fruitless
720575940633190169,LC10a,visual_projection,Fruitless
720575940634156655,LC10a,visual_projection,Fruitless
720575940634276532,LC10a,visual_projection,Fruitless
720575940634433887,LC10a,visual_projection,Fruitless
720575940634599269,LC10a,visual_projection,Fruitless
720575940634955631,LC10a,visual_projection,Fruitless
720575940635081579,LC10a,visual_projection,Fruitless
720575940635263383,LC10a,visual_projection,Fruitless
720575940635460270,LC10a,visual_projection,Fruitless
720575940635484517,LC10a,visual_projection,Fruitless
720575940636234473,LC10a,visual_projection,Fruitless
720575940636302143,LC10a,visual_projection,Fruitless
720575940636563630,LC10a,visual_projection,Fruitless
720575940636651768,LC10a,visual_projection,Fruitless
720575940636772318,LC10a,visual_projection,Fruitless
720575940637344590,LC10a,visual_projection,Fruitless
720575940638145651,LC10a,visual_projection,Fruitless
720575940638271677,LC10a,visual_projection,Fruitless
720575940638285109,LC10a,visual_projection,Fruitless
720575940638614244,LC10a,visual_projection,Fruitless
720575940638910296,LC10a,visual_projection,Fruitless
720575940639057240,LC10a,visual_projection,Fruitless
720575940639485824,LC10a,visual_projection,Fruitless
720575940639702581,LC10a,visual_projection,Fruitless
720575940640847835,LC10a,visual_projection,Fruitless
720575940641260160,LC10a,visual_projection,Fruitless
720575940643207191,LC10a,visual_projection,Fruitless
720575940643991319,LC10a,visual_projection,Fruitless
720575940644133911,LC10a,visual_projection,Fruitless
720575940645077527,LC10a,visual_projection,Fruitless
720575940645190510,LC10a,visual_projection,Fruitless
720575940645603095,LC10a,visual_projection,Fruitless
720575940646649220,LC10a,visual_projection,Fruitless
720575940648420996,LC10a,visual_projection,Fruitless
720575940648669828,LC10a,visual_projection,Fruitless
720575940648731513,LC10a,visual_projection,Fruitless
720575940648939897,LC10a,visual_projection,Fruitless
720575940650450934,LC10a,visual_projection,Fruitless
720575940658842753,LC10a,visual_projection,Fruitless
720575940609180718,LC14a1,optic,Fruitless
720575940613351018,LC14a1,optic,Fruitless
720575940621006672,LC14a1,optic,Fruitless
720575940622366814,LC14a1,optic,Fruitless
720575940627758744,LC14a1,optic,Fruitless
720575940629502224,LC14a1,optic,Fruitless
720575940633201223,LC14a1,optic,Fruitless
720575940633471583,LC14a1,optic,Fruitless
720575940635014807,LC14a1,optic,Fruitless
720575940638642776,LC14a1,optic,Fruitless
720575940646058094,LC14a1,optic,Fruitless
720575940619698752,LC14a2,optic,Fruitless
720575940622740991,LC14a2,optic,Fruitless
720575940630420674,LC14a2,optic,Fruitless
720575940631668551,LC14a2,optic,Fruitless
720575940633367121,LC14a2,optic,Fruitless
720575940635422871,LC14a2,optic,Fruitless
720575940643399534,LC14a2,optic,Fruitless
720575940623232392,LC19,visual_projection,Fruitless
720575940625498376,LC19,visual_projection,Fruitless
720575940630191447,LC19,visual_projection,Fruitless
720575940633668020,LC19,visual_projection,Fruitless
720575940602483424,LC31b,visual_projection,Fruitless
720575940607800242,LC31b,visual_projection,Fruitless
720575940609109602,LC31b,visual_projection,Fruitless
720575940613829388,LC31b,visual_projection,Fruitless
720575940616951739,LC31b,visual_projection,Fruitless
720575940619592768,LC31b,visual_projection,Fruitless
720575940622680724,LC31b,visual_projection,Fruitless
720575940626860817,LC31b,visual_projection,Fruitless
720575940628463468,LC31b,visual_projection,Fruitless
720575940637064926,LC31b,visual_projection,Fruitless
720575940604786720,LC33,visual_projection,Fruitless
720575940606161586,LC33,visual_projection,Fruitless
720575940606745190,LC33,visual_projection,Fruitless
720575940607575051,LC33,visual_projection,Fruitless
720575940611406034,LC33,visual_projection,Fruitless
720575940611639978,LC33,visual_projection,Fruitless
720575940615201675,LC33,visual_projection,Fruitless
720575940618229853,LC33,visual_projection,Fruitless
720575940618687508,LC33,visual_projection,Fruitless
720575940619525254,LC33,visual_projection,Fruitless
720575940620274029,LC33,visual_projection,Fruitless
720575940621390806,LC33,visual_projection,Fruitless
720575940621603311,LC33,visual_projection,Fruitless
720575940621774830,LC33,visual_projection,Fruitless
720575940622060680,LC33,visual_projection,Fruitless
720575940622727551,LC33,visual_projection,Fruitless
720575940623688013,LC33,visual_projection,Fruitless
720575940626733374,LC33,visual_projection,Fruitless
720575940627575573,LC33,visual_projection,Fruitless
720575940628163461,LC33,visual_projection,Fruitless
720575940628230503,LC33,visual_projection,Fruitless
720575940628669562,LC33,visual_projection,Fruitless
720575940628791573,LC33,visual_projection,Fruitless
720575940630277223,LC33,visual_projection,Fruitless
720575940630326668,LC33,visual_projection,Fruitless
720575940633801261,LC33,visual_projection,Fruitless
720575940635216282,LC33,visual_projection,Fruitless
720575940637416078,LC33,visual_projection,Fruitless
720575940658908033,LC33,visual_projection,Fruitless
720575940622172540,LHAD1f4a,central,Fruitless
720575940629914732,LHAD1f4a,central,Fruitless
720575940605040300,LHAD1f4b,central,Fruitless
720575940623393357,LHAD1f4b,central,Fruitless
720575940624007207,LHAD1f4b,central,Fruitless
720575940630644807,LHAD1f4b,central,Fruitless
720575940631371991,LHAD1f4b,central,Fruitless
720575940637861294,LHAD1f4b,central,Fruitless
720575940625776272,LHAD1f4c,central,Fruitless
720575940626132030,LHAD1f4c,central,Fruitless
720575940618482781,LHAV2b1,central,Fruitless
720575940619455448,LHAV2b1,central,Fruitless
720575940623538951,LHAV2b1,central,Fruitless
720575940629521914,LHAV2b1,central,Fruitless
720575940630158140,LHAV2b1,central,Fruitless
720575940632741728,LHAV2b1,central,Fruitless
720575940635118943,LHAV2b1,central,Fruitless
720575940638046948,LHAV2b1,central,Fruitless
720575940620946957,LHAV2b2a,central,Fruitless
720575940623867911,LHAV2b2a,central,Fruitless
720575940624853031,LHAV2b2a,central,Fruitless
720575940626312835,LHAV2b2a,central,Fruitless
720575940632261423,LHAV2b2a,central,Fruitless
720575940633500084,LHAV2b2a,central,Fruitless
720575940634695263,LHAV2b2a,central,Fruitless
720575940635515572,LHAV2b2a,central,Fruitless
720575940639366478,LHAV2b2a,central,Fruitless
720575940647020932,LHAV2b2a,central,Fruitless
720575940614474407,LHAV2b2b,central,Fruitless
720575940614701730,LHAV2b2b,central,Fruitless
720575940617571997,LHAV2b2b,central,Fruitless
720575940650885497,LHAV2b2b,central,Fruitless
720575940612374757,LHAV2b7_a,central,Fruitless
720575940617470164,LHAV2b7_a,central,Fruitless
720575940621505883,LHAV2b7_a,central,Fruitless
720575940652114422,LHAV2b7_a,central,Fruitless
720575940621433641,LHAV2b7_b,central,Fruitless
720575940621746300,LHAV2b7_b,central,Fruitless
720575940625954853,LHAV2b7_b,central,Fruitless
720575940632014383,LHAV2b7_b,central,Fruitless
720575940637832937,LHAV2b7_b,central,Fruitless
720575940641323405,LHAV2b7_b,central,Fruitless
720575940608901333,LHAV4a4,central,Fruitless
720575940618162773,LHAV4a4,central,Fruitless
720575940619930021,LHAV4a4,central,Fruitless
720575940620158447,LHAV4a4,central,Fruitless
720575940622027527,LHAV4a4,central,Fruitless
720575940623555047,LHAV4a4,central,Fruitless
720575940624934787,LHAV4a4,central,Fruitless
720575940625681681,LHAV4a4,central,Fruitless
720575940626965258,LHAV4a4,central,Fruitless
720575940628003304,LHAV4a4,central,Fruitless
720575940629347319,LHAV4a4,central,Fruitless
720575940630292439,LHAV4a4,central,Fruitless
720575940631143213,LHAV4a4,central,Fruitless
720575940631260476,LHAV4a4,central,Fruitless
720575940637067888,LHAV4a4,central,Fruitless
720575940638673478,LHAV4a4,central,Fruitless
720575940659760769,LHAV4a4,central,Fruitless
720575940611514261,LHAV4c1,central,Fruitless
720575940618878191,LHAV4c1,central,Fruitless
720575940624017812,LHAV4c1,central,Fruitless
720575940627592977,LHAV4c1,central,Fruitless
720575940631586924,LHAV4c1,central,Fruitless
720575940633304913,LHAV4c1,central,Fruitless
720575940633994391,LHAV4c1,central,Fruitless
720575940636256319,LHAV4c1,central,Fruitless
720575940607128412,LHAV4c2,central,Fruitless
720575940615200059,LHAV4c2,central,Fruitless
720575940616727782,LHAV4c2,central,Fruitless
720575940620076415,LHAV4c2,central,Fruitless
720575940623360440,LHAV4c2,central,Fruitless
720575940625298761,LHAV4c2,central,Fruitless
720575940628256763,LHAV4c2,central,Fruitless
720575940607425604,LHAV7b1,central,Fruitless
720575940639139280,LHAV7b1,central,Fruitless
720575940616551029,LHPV6q1,central,Fruitless
720575940632311115,LHPV6q1,central,Fruitless
720575940606334338,LNd_CRY-,central,Fruitless
720575940609504210,LNd_CRY-,central,Fruitless
720575940621031629,LNd_CRY-,central,Fruitless
720575940623003405,LNd_CRY-,central,Fruitless
720575940626899817,LNd_CRY-,central,Fruitless
720575940627984119,LNd_CRY-,central,Fruitless
720575940608661955,LT51,visual_projection,Fruitless
720575940611633010,LT51,visual_projection,Fruitless
720575940615274914,LT51,visual_projection,Fruitless
720575940615522922,LT51,visual_projection,Fruitless
720575940617260374,LT51,visual_projection,Fruitless
720575940617727793,LT51,visual_projection,Fruitless
720575940619021272,LT51,visual_projection,Fruitless
720575940619731334,LT51,visual_projection,Fruitless
720575940620588491,LT51,visual_projection,Fruitless
720575940622053185,LT51,visual_projection,Fruitless
720575940622364598,LT51,visual_projection,Fruitless
720575940631263023,LT51,visual_projection,Fruitless
720575940633429331,LT51,visual_projection,Fruitless
720575940634062803,LT51,visual_projection,Fruitless
720575940637106032,LT51,visual_projection,Fruitless
720575940639012836,LT51,visual_projection,Fruitless
720575940639563728,LT51,visual_projection,Fruitless
720575940641276045,LT51,visual_projection,Fruitless
720575940643118733,LT51,visual_projection,Fruitless
720575940655000737,LT51,visual_projection,Fruitless
720575940611667173,mAL4,central,Fruitless
720575940612987134,mAL4,central,Fruitless
720575940613106582,mAL4,central,Fruitless
720575940614799007,mAL4,central,Fruitless
720575940616404820,mAL4,central,Fruitless
720575940616747830,mAL4,central,Fruitless
720575940627020487,mAL4,central,Fruitless
720575940629401163,mAL4,central,Fruitless
720575940631366061,mAL4,central,Fruitless
720575940631622225,mAL4,central,Fruitless
720575940632894690,mAL4,central,Fruitless
720575940633644183,mAL4,central,Fruitless
720575940634462304,mAL4,central,Fruitless
720575940636247273,mAL4,central,Fruitless
720575940637756760,mAL4,central,Fruitless
720575940641590491,mAL4,central,Fruitless
720575940646663044,mAL4,central,Fruitless
720575940631965357,mAL4I,central,Fruitless
720575940634186906,mAL4I,central,Fruitless
720575940630890040,mAL5A,central,Fruitless
720575940609551826,mAL_f1,central,Fruitless
720575940614686003,mAL_f1,central,Fruitless
720575940623083046,mAL_f1,central,Fruitless
720575940628573911,mAL_f1,central,Fruitless
720575940628842314,mAL_f1,central,Fruitless
720575940628943619,mAL_f1,central,Fruitless
720575940629583914,mAL_f1,central,Fruitless
720575940638792611,mAL_f1,central,Fruitless
720575940615626018,mAL_f2,central,Fruitless
720575940617898456,mAL_f2,central,Fruitless
720575940620038433,mAL_f2,central,Fruitless
720575940622609591,mAL_f2,central,Fruitless
720575940623079095,mAL_f2,central,Fruitless
720575940632603548,mAL_f2,central,Fruitless
720575940608883780,mAL_f3,central,Fruitless
720575940614859893,mAL_f3,central,Fruitless
720575940615311628,mAL_f3,central,Fruitless
720575940618691419,mAL_f3,central,Fruitless
720575940619011494,mAL_f3,central,Fruitless
720575940619695750,mAL_f3,central,Fruitless
720575940621222792,mAL_f3,central,Fruitless
720575940625115422,mAL_f3,central,Fruitless
720575940629701451,mAL_f3,central,Fruitless
720575940634702967,mAL_f3,central,Fruitless
720575940604308401,mAL_f4,central,Fruitless
720575940619684928,mAL_f4,central,Fruitless
720575940620506049,mAL_f4,central,Fruitless
720575940621181004,mAL_f4,central,Fruitless
720575940622302727,mAL_f4,central,Fruitless
720575940625616521,mAL_f4,central,Fruitless
720575940626829840,mAL_f4,central,Fruitless
720575940628384778,mAL_f4,central,Fruitless
720575940628471811,mAL_f4,central,Fruitless
720575940634102639,mAL_f4,central,Fruitless
720575940624514762,MTe11,visual_projection,Fruitless
720575940624939337,MTe11,visual_projection,Fruitless
720575940626211472,MTe11,visual_projection,Fruitless
720575940626655178,MTe11,visual_projection,Fruitless
720575940629228559,MTe11,visual_projection,Fruitless
720575940631776855,MTe11,visual_projection,Fruitless
720575940627921182,oviDNa_a,descending,Fruitless
720575940642312136,oviDNa_a,descending,Fruitless
720575940621257340,oviDNa_b,descending,Fruitless
720575940646173748,oviDNa_b,descending,Fruitless
720575940605221065,PAM01,central,Fruitless
720575940606909826,PAM01,central,Fruitless
720575940613529770,PAM01,central,Fruitless
720575940613647007,PAM01,central,Fruitless
720575940615607975,PAM01,central,Fruitless
720575940617145561,PAM01,central,Fruitless
720575940618744118,PAM01,central,Fruitless
720575940619785492,PAM01,central,Fruitless
720575940621245124,PAM01,central,Fruitless
720575940621462512,PAM01,central,Fruitless
720575940622495092,PAM01,central,Fruitless
720575940623442173,PAM01,central,Fruitless
720575940625338249,PAM01,central,Fruitless
720575940625352456,PAM01,central,Fruitless
720575940625525265,PAM01,central,Fruitless
720575940625683716,PAM01,central,Fruitless
720575940626555800,PAM01,central,Fruitless
720575940628615683,PAM01,central,Fruitless
720575940628687207,PAM01,central,Fruitless
720575940629188507,PAM01,central,Fruitless
720575940630498811,PAM01,central,Fruitless
720575940630650063,PAM01,central,Fruitless
720575940630691159,PAM01,central,Fruitless
720575940630722956,PAM01,central,Fruitless
720575940631095087,PAM01,central,Fruitless
720575940631443304,PAM01,central,Fruitless
720575940631688808,PAM01,central,Fruitless
720575940633142498,PAM01,central,Fruitless
720575940633145996,PAM01,central,Fruitless
720575940633733401,PAM01,central,Fruitless
720575940633832628,PAM01,central,Fruitless
720575940634655851,PAM01,central,Fruitless
720575940636309093,PAM01,central,Fruitless
720575940637390302,PAM01,central,Fruitless
720575940637391582,PAM01,central,Fruitless
720575940639566406,PAM01,central,Fruitless
720575940639684696,PAM01,central,Fruitless
720575940641062901,PAM01,central,Fruitless
720575940645932579,PAM01,central,Fruitless
720575940649649785,PAM01,central,Fruitless
720575940654661281,PAM01,central,Fruitless
720575940617903643,PAM08,central,Fruitless
720575940629564286,PAM08,central,Fruitless
720575940634475119,PAM08,central,Fruitless
720575940625792698,pC1a,central,Doublesex
720575940646310947,pC1a,central,Doublesex
720575940619855296,pC1b,central,Doublesex
720575940629401674,pC1b,central,Doublesex
720575940618984475,pC1c,central,Doublesex
720575940629430978,pC1c,central,Doublesex
720575940620356545,pC1d,central,Doublesex
720575940646518382,pC1d,central,Doublesex
720575940618364480,pC1e,central,Doublesex
720575940634866586,pC1e,central,Doublesex
720575940610359758,pC2la,central,Doublesex
720575940617091890,PPM1203,central,Fruitless
720575940627713284,PPM1203,central,Fruitless
720575940611961878,PVLP111,central,Fruitless
720575940622932487,PVLP111,central,Fruitless
720575940623860458,PVLP111,central,Fruitless
720575940624299534,PVLP111,central,Fruitless
720575940624735463,PVLP111,central,Fruitless
720575940625894799,PVLP111,central,Fruitless
720575940625904414,PVLP111,central,Fruitless
720575940629245903,PVLP111,central,Fruitless
720575940629414987,PVLP111,central,Fruitless
720575940636151871,PVLP111,central,Fruitless
720575940603942828,PVLP112a,central,Fruitless
720575940616670016,PVLP112a,central,Fruitless
720575940616566996,PVLP140,central,Fruitless
720575940630546302,PVLP140,central,Fruitless
720575940609819512,PVLP149,central,Fruitless
720575940612046286,PVLP149,central,Fruitless
720575940641977229,PVLP149,central,Fruitless
720575940644733806,PVLP149,central,Fruitless
720575940610128082,s-CPDN3A,central,Fruitless
720575940612148210,s-CPDN3A,central,Fruitless
720575940615337019,s-CPDN3A,central,Fruitless
720575940615594869,s-CPDN3A,central,Fruitless
720575940615876438,s-CPDN3A,central,Fruitless
720575940615977522,s-CPDN3A,central,Fruitless
720575940616424927,s-CPDN3A,central,Fruitless
720575940617085504,s-CPDN3A,central,Fruitless
720575940617642101,s-CPDN3A,central,Fruitless
720575940620032276,s-CPDN3A,central,Fruitless
720575940620755297,s-CPDN3A,central,Fruitless
720575940621033152,s-CPDN3A,central,Fruitless
720575940621103495,s-CPDN3A,central,Fruitless
720575940622597078,s-CPDN3A,central,Fruitless
720575940623857084,s-CPDN3A,central,Fruitless
720575940625149437,s-CPDN3A,central,Fruitless
720575940626212178,s-CPDN3A,central,Fruitless
720575940626332166,s-CPDN3A,central,Fruitless
720575940626729744,s-CPDN3A,central,Fruitless
720575940627062424,s-CPDN3A,central,Fruitless
720575940627211706,s-CPDN3A,central,Fruitless
720575940627447401,s-CPDN3A,central,Fruitless
720575940628665360,s-CPDN3A,central,Fruitless
720575940629912121,s-CPDN3A,central,Fruitless
720575940630642380,s-CPDN3A,central,Fruitless
720575940631322472,s-CPDN3A,central,Fruitless
720575940631605079,s-CPDN3A,central,Fruitless
720575940635635374,s-CPDN3A,central,Fruitless
720575940635707543,s-CPDN3A,central,Fruitless
720575940637807677,s-CPDN3A,central,Fruitless
720575940638186842,s-CPDN3A,central,Fruitless
720575940642740260,s-CPDN3A,central,Fruitless
720575940606919602,SAD003,central,Fruitless
720575940613641794,SAD003,central,Fruitless
720575940616996294,SAD003,central,Fruitless
720575940625952002,SAD003,central,Fruitless
720575940629394232,SAD003,central,Fruitless
720575940610373326,SIP200f,central,Doublesex
720575940617333976,SIP200f,central,Doublesex
720575940629133052,SIP200f,central,Doublesex
720575940634545294,SIP200f,central,Doublesex
720575940609779465,SIP201f,central,Fruitless
720575940612364697,SIP201f,central,Fruitless
720575940624676071,SIP201f,central,Fruitless
720575940625336556,SIP201f,central,Fruitless
720575940629243904,SIP201f,central,Fruitless
720575940630143116,SIP201f,central,Fruitless
720575940634362835,SIP201f,central,Fruitless
720575940640204477,SIP201f,central,Fruitless
720575940659392129,SIP201f,central,Fruitless
720575940619113557,SLP017,central,Fruitless
720575940622963127,SLP017,central,Fruitless
720575940610980245,SLP026,central,Fruitless
720575940615896806,SLP026,central,Fruitless
720575940638128573,SLP026,central,Fruitless
720575940638131534,SLP026,central,Fruitless
720575940639733923,SLP026,central,Fruitless
720575940608093449,SLP027,central,Fruitless
720575940612982191,SLP027,central,Fruitless
720575940624734512,SLP027,central,Fruitless
720575940627987279,SLP027,central,Fruitless
720575940630913105,SLP027,central,Fruitless
720575940613338690,SLP035,central,Fruitless
720575940626230780,SLP035,central,Fruitless
720575940629765314,SLP035,central,Fruitless
720575940612983445,SLP036,central,Fruitless
720575940623920821,SLP036,central,Fruitless
720575940625803018,SLP036,central,Fruitless
720575940628190663,SLP036,central,Fruitless
720575940628795413,SLP036,central,Fruitless
720575940629105563,SLP036,central,Fruitless
720575940637975615,SLP036,central,Fruitless
720575940638879651,SLP036,central,Fruitless
720575940622151704,SLPpm3_H01,central,Fruitless
720575940624743096,SLPpm3_H01,central,Fruitless
720575940611418574,SMP003,central,Fruitless
720575940613038819,SMP003,central,Fruitless
720575940621510825,SMP003,central,Fruitless
720575940624199721,SMP003,central,Fruitless
720575940628949886,SMP003,central,Fruitless
720575940629378903,SMP003,central,Fruitless
720575940629896764,SMP003,central,Fruitless
720575940619517131,SMP029,central,Doublesex
720575940620158843,SMP029,central,Doublesex
720575940622252031,SMP029,central,Doublesex
720575940626465096,SMP029,central,Doublesex
720575940612707811,SMP087,central,Fruitless
720575940614549666,SMP087,central,Fruitless
720575940630816855,SMP087,central,Fruitless
720575940644521764,SMP087,central,Fruitless
720575940612139443,SMP093,central,Fruitless
720575940615077482,SMP093,central,Fruitless
720575940618715441,SMP093,central,Fruitless
720575940635189134,SMP093,central,Fruitless
720575940619047547,SMP094,central,Fruitless
720575940623083519,SMP094,central,Fruitless
720575940626709373,SMP094,central,Fruitless
720575940629330944,SMP094,central,Fruitless
720575940610228186,SMP098_a,central,Fruitless
720575940616790102,SMP098_a,central,Fruitless
720575940617183778,SMP098_a,central,Fruitless
720575940622393607,SMP098_a,central,Fruitless
720575940622425028,SMP098_a,central,Fruitless
720575940625454346,SMP098_a,central,Fruitless
720575940621812315,SMP102,central,Fruitless
720575940625675301,SMP102,central,Fruitless
720575940627161426,SMP102,central,Fruitless
720575940638430686,SMP102,central,Fruitless
720575940609555758,SMP103,central,Fruitless
720575940611219826,SMP103,central,Fruitless
720575940627865930,SMP103,central,Fruitless
720575940628729361,SMP103,central,Fruitless
720575940634042012,SMP103,central,Fruitless
720575940634676069,SMP103,central,Fruitless
720575940638962008,SMP103,central,Fruitless
720575940640518389,SMP103,central,Fruitless
720575940640643536,SMP103,central,Fruitless
720575940605870560,SMP105_a,central,Fruitless
720575940612568803,SMP105_a,central,Fruitless
720575940626365768,SMP105_a,central,Fruitless
720575940627060648,SMP105_a,central,Fruitless
720575940627925703,SMP105_a,central,Fruitless
720575940633642744,SMP105_a,central,Fruitless
720575940637740110,SMP105_a,central,Fruitless
720575940638384512,SMP105_a,central,Fruitless
720575940604754534,SMP105_b,central,Fruitless
720575940610438094,SMP105_b,central,Fruitless
720575940610936562,SMP105_b,central,Fruitless
720575940613103791,SMP105_b,central,Fruitless
720575940616466388,SMP105_b,central,Fruitless
720575940621527167,SMP105_b,central,Fruitless
720575940626810901,SMP105_b,central,Fruitless
720575940626978314,SMP105_b,central,Fruitless
720575940628043389,SMP105_b,central,Fruitless
720575940629441150,SMP105_b,central,Fruitless
720575940633197383,SMP105_b,central,Fruitless
720575940634676325,SMP105_b,central,Fruitless
720575940647055907,SMP105_b,central,Fruitless
720575940609835896,SMP106,central,Fruitless
720575940611240627,SMP106,central,Fruitless
720575940612283373,SMP106,central,Fruitless
720575940616963229,SMP106,central,Fruitless
720575940617260357,SMP106,central,Fruitless
720575940621218380,SMP106,central,Fruitless
720575940621353596,SMP106,central,Fruitless
720575940621492044,SMP106,central,Fruitless
720575940623294647,SMP106,central,Fruitless
720575940623957228,SMP106,central,Fruitless
720575940627099082,SMP106,central,Fruitless
720575940627389895,SMP106,central,Fruitless
720575940628955386,SMP106,central,Fruitless
720575940630946468,SMP106,central,Fruitless
720575940631188876,SMP106,central,Fruitless
720575940631750943,SMP106,central,Fruitless
720575940631780812,SMP106,central,Fruitless
720575940643329224,SMP106,central,Fruitless
720575940649676409,SMP106,central,Fruitless
720575940607862281,SMP107,central,Fruitless
720575940611584179,SMP107,central,Fruitless
720575940615034591,SMP107,central,Fruitless
720575940621748812,SMP107,central,Fruitless
720575940622384264,SMP107,central,Fruitless
720575940622748599,SMP107,central,Fruitless
720575940623105306,SMP107,central,Fruitless
720575940626276680,SMP107,central,Fruitless
720575940629626473,SMP107,central,Fruitless
720575940630116951,SMP107,central,Fruitless
720575940632584275,SMP107,central,Fruitless
720575940636887524,SMP107,central,Fruitless
720575940613786786,SMP246,central,Fruitless
720575940616946900,SMP246,central,Fruitless
720575940627310602,SMP246,central,Fruitless
720575940630092406,SMP246,central,Fruitless
720575940639164323,SMP246,central,Fruitless
720575940622195376,SMP248a,central,Fruitless
720575940627599815,SMP248a,central,Fruitless
720575940630402834,SMP248a,central,Fruitless
720575940637285951,SMP248a,central,Fruitless
720575940610623186,SMP248b,central,Fruitless
720575940623370421,SMP248b,central,Fruitless
720575940630357110,SMP248b,central,Fruitless
720575940631320168,SMP248b,central,Fruitless
720575940635033023,SMP248b,central,Fruitless
720575940637559182,SMP248b,central,Fruitless
720575940629432394,SMP248c,central,Fruitless
720575940639926360,SMP248c,central,Fruitless
720575940623547114,SMP283,central,Fruitless
720575940631912040,SMP283,central,Fruitless
720575940643463584,SMP283,central,Fruitless
720575940626775824,SMP285,central,Doublesex+Fruitless
720575940629285879,SMP285,central,Doublesex+Fruitless
720575940621325150,SMP286,central,Doublesex+Fruitless
720575940622319715,SMP286,central,Doublesex+Fruitless
720575940613219946,SMP511,central,Fruitless
720575940628244055,SMP511,central,Fruitless
720575940612490958,SMP550,central,Fruitless
720575940635515744,SMP550,central,Fruitless
720575940613518092,SMP555,central,Fruitless
720575940614310050,SMP555,central,Fruitless
720575940615109563,SMP555,central,Fruitless
720575940626953063,SMP555,central,Fruitless
720575940629852163,SMP555,central,Fruitless
720575940630812663,SMP555,central,Fruitless
720575940622971911,SMP558,central,Fruitless
720575940624211075,SMP558,central,Fruitless
720575940634736538,SMP558,central,Fruitless
720575940640889176,SMP558,central,Fruitless
720575940620266406,VA1d_adPN,central,Fruitless
720575940622448589,VA1d_adPN,central,Fruitless
720575940622811430,VA1d_adPN,central,Fruitless
720575940625564676,VA1d_adPN,central,Fruitless
720575940630547909,VA1d_adPN,central,Fruitless
720575940640804853,VA1d_adPN,central,Fruitless
720575940620199962,VA1v_adPN,central,Fruitless
720575940621696747,VA1v_adPN,central,Fruitless
720575940623739076,VA1v_adPN,central,Fruitless
720575940625014928,VA1v_adPN,central,Fruitless
720575940628283560,VA1v_adPN,central,Fruitless
720575940629097922,VA1v_adPN,central,Fruitless
720575940629733626,VA1v_adPN,central,Fruitless
720575940630989354,VA1v_adPN,central,Fruitless
720575940633165025,VA1v_adPN,central,Fruitless
720575940611114262,VES022a,central,Fruitless
720575940611920365,VES022a,central,Fruitless
720575940624884112,VES022a,central,Fruitless
720575940631688955,VES022a,central,Fruitless
720575940638227253,VES022a,central,Fruitless
720575940638630366,VES022a,central,Fruitless
720575940611494629,VES022b,central,Fruitless
720575940623997879,VES022b,central,Fruitless
720575940627388047,VES022b,central,Fruitless
720575940640802675,VES022b,central,Fruitless
720575940619718054,VES024a,central,Fruitless
720575940624725226,VES024a,central,Fruitless
720575940633202479,VES024a,central,Fruitless
720575940640521936,VES024a,central,Fruitless
720575940619689920,VES060,central,Fruitless
720575940619984731,VES060,central,Fruitless
720575940612062426,VL2a_vPN,central,Fruitless
720575940615322674,VL2a_vPN,central,Fruitless
720575940626601994,VL2a_vPN,central,Fruitless
720575940632571583,VL2a_vPN,central,Fruitless
720575940638583869,VL2a_vPN,central,Fruitless
720575940608341806,VL2p_vPN,central,Fruitless
720575940629947439,VL2p_vPN,central,Fruitless
